text,meaning,partOfSpeech,exampleSentence,pronunciation,synonyms,antonyms,isLearned,meaning_test_en,meaning_test_ko,meaning_test_zh,meaning_test_ja,synonym_test_en,antonym_test_en
Abate,To become less intense or widespread,verb,The storm quickly began to abate.,/əˈbeɪt/,subside,increase,false,become less intense| increase| worsen| intensify,약해지다| 강해지다| 악화되다| 심해지다,减弱| 增强| 恶化| 加剧,弱まる| 強まる| 悪化する| 激しくなる,subside| intensify| increase| grow,increase| augment| expand| subside
Abdicate,To give up a position of power or responsibility,verb,The king decided to abdicate his throne.,/ˈæbdɪkeɪt/,resign,assume,false,give up power| take power| maintain| grasp,퇴위하다| 권력을 잡다| 유지하다| 쥐다,放弃权力| 掌握权力| 维持| 抓住,退位する| 権力を握る| 維持する| 掴む,resign| quit| retire| abdicate,assume| keep| retain| usurp
Aberration,A departure from what is normal, usual, or expected,noun,His outburst was an aberration from his usual calm demeanor.,/ˌæbəˈreɪʃən/,anomaly,normality,false,departure from normal| normal behavior| expected outcome| standard rule,일탈| 정상 행동| 예상 결과| 표준 규칙,异常| 正常行为| 预期结果| 标准规则,逸脱| 正常な行動| 予想される結果| 標準ルール
Abhor,To regard with disgust and hatred,verb,She abhors racism in any form.,/æbˈhɔːr/,detest,love,false,regard with hatred| admire| tolerate| embrace,혐오하다| 존경하다| 용인하다| 받아들이다,憎恨| 钦佩| 容忍| 拥抱,嫌悪する| 尊敬する| 容認する| 受け入れる,detest| loathe| abominate| despise,love| adore| like| cherish
Abjure,Solemnly renounce (a belief, cause, or claim),verb,He abjured his former beliefs.,/æbˈdʒʊər/,forswear,adhere,false,solemnly renounce| embrace| confirm| maintain,공식적으로 포기하다| 받아들이다| 확인하다| 유지하다,郑重放弃| 拥抱| 确认| 维持,公式に放棄する| 受け入れる| 確認する| 維持する
Ablution,The act of washing oneself (often for religious reasons),noun,The priest performed his morning ablutions.,/əˈbluːʃən/,washing,dirtiness,false,act of washing| act of eating| act of sleeping| act of praying,세정| 식사| 수면| 기도,洗礼| 吃饭| 睡觉| 祈祷,洗浄| 食事| 睡眠| 祈祷,washing| cleansing| purification| bathing,dirtiness| contamination| filth| pollution
Abnegate,Renounce or reject (something desirable),verb,They had to abnegate their luxuries.,/ˈæbnɪɡeɪt/,deny,indulge,false,renounce| accept| desire| allow,포기하다| 받아들이다| 원하다| 허용하다,放弃| 接受| 渴望| 允许,放棄する| 受け入れる| 望む| 許す,deny| renounce| reject| forgo,indulge| accept| crave| desire
Abolish,Formally put an end to (a system, practice, or institution),verb,Slavery was abolished in the 19th century.,/əˈbɒlɪʃ/,end,establish,false,put an end to| establish| create| promote,폐지하다| 설립하다| 창조하다| 촉진하다,废除| 建立| 创造| 促进,廃止する| 設立する| 創造する| 促進する
Abominate,Detest; loathe,verb,He abominates all forms of cruelty.,/əˈbɒmɪneɪt/,hate,love,false,detest| admire| love| tolerate,몹시 싫어하다| 존경하다| 사랑하다| 용인하다,憎恶| 钦佩| 爱| 容忍,嫌悪する| 尊敬する| 愛する| 容認する,hate| despise| loathe| execrate,love| adore| admire| cherish
Abrogate,Repeal or do away with (a law, right, or agreement),verb,The new law was designed to abrogate previous agreements.,/ˈæbrəɡeɪt/,revoke,institute,false,repeal| establish| enforce| confirm,폐지하다| 제정하다| 강제하다| 확인하다,废除| 建立| 强制执行| 确认,廃止する| 制定する| 強制する| 確認する
Abscond,Leave hurriedly and secretly, typically to avoid detection of or arrest for an unlawful action,verb,He absconded with the company's funds.,/æbˈskɒnd/,flee,stay,false,flee| stay| appear| report,도주하다| 머무르다| 나타나다| 보고하다,潜逃| 留下| 出现| 报告,逃亡する| 留まる| 現れる| 報告する,flee| escape| bolt| decamp
Absolve,Declare (someone) free from guilt, obligation, or punishment,verb,The jury absolved him of the crime.,/æbˈzɒlv/,exonerate,condemn,false,declare free from guilt| condemn| accuse| punish,죄를 면하게 하다| 유죄로 하다| 비난하다| 처벌하다,宣告无罪| 谴责| 指责| 惩罚,無罪を宣告する| 有罪とする| 非難する| 罰する
Abstain,Restrain oneself from doing or enjoying something,verb,She chose to abstain from alcohol.,/æbˈsteɪn/,refrain,indulge,false,refrain from| indulge in| participate| embrace,삼가다| 탐닉하다| 참여하다| 받아들이다,戒除| 沉迷| 参与| 拥抱,慎む| 耽溺する| 参加する| 受け入れる,refrain| forbear| desist| avoid,indulge| partake| yield| continue
Abstruse,Difficult to understand; obscure,adjective,The philosopher's theories were too abstruse for me.,/æbˈstruːs/,esoteric,clear,false,difficult to understand| clear| simple| obvious,이해하기 어려운| 명확한| 간단한| 명백한,难以理解| 清晰| 简单| 明显,理解が難しい| 明確な| 簡単な| 明らかな,esoteric| profound| complex| recondite,clear| obvious| simple| lucid
Abysmal,Extremely bad; appalling,adjective,The team's performance was abysmal.,/əˈbɪzməl/,dreadful,excellent,false,extremely bad| excellent| good| average,끔찍한| 훌륭한| 좋은| 보통의,极差的| 优秀| 好| 一般,ひどく悪い| 素晴らしい| 良い| 平均的な,dreadful| terrible| awful| appalling,excellent| superb| great| wonderful
Accolade,An award or privilege granted as a special honor or as an acknowledgment of merit,noun,She received an accolade for her research.,/ˈækəleɪd/,honor,disgrace,false,award| criticism| penalty| insult,표창| 비판| 벌칙| 모욕,荣誉| 批评| 惩罚| 侮辱,栄誉| 批判| 罰則| 侮辱,honor| award| tribute| praise,disgrace| censure| criticism| condemnation
Accost,Approach and address (someone) boldly or aggressively,verb,He was accosted by a stranger.,/əˈkɒst/,confront,avoid,false,approach boldly| avoid| ignore| retreat from,과감히 다가가 말을 걸다| 피하다| 무시하다| 후퇴하다,大胆搭讪| 避免| 忽略| 撤退,大胆に話しかける| 避ける| 無視する| 退却する,confront| challenge| hail| waylay,avoid| shun| evade| ignore
Accrue,To accumulate or receive (payments or benefits) over time,verb,Interest will accrue on the account.,/əˈkruː/,accumulate,diminish,false,accumulate| diminish| spend| distribute,누적되다| 줄어들다| 소비하다| 분배하다,累积| 减少| 花费| 分配,蓄積する| 減少する| 消費する| 分配する,accumulate| collect| gather| increase,diminish| decrease| lessen| shrink
Acerbic,Sharply or bitingly critical in a witty, sarcastic, or ironic way,adjective,Her acerbic wit alienated many.,/əˈsɜːrbɪk/,sarcastic,mild,false,sharply critical| mild| gentle| sweet,신랄한| 온화한| 부드러운| 달콤한,尖刻的| 温和| 柔和| 甜美,辛辣な| 温和な| 優しい| 甘い
Acquiesce,Accept something reluctantly but without protest,verb,He acquiesced to his boss's demands.,/ˌækwiˈɛs/,assent,resist,false,accept reluctantly| resist| refuse| object,마지못해 따르다| 저항하다| 거부하다| 반대하다,勉强接受| 抵抗| 拒绝| 反对,しぶしぶ受け入れる| 抵抗する| 拒否する| 反対する,assent| consent| comply| agree,resist| oppose| dissent| refuse
Acrimony,Bitterness or ill feeling,noun,The dispute was settled without acrimony.,/ˈækrɪməni/,rancor,harmony,false,bitterness| harmony| kindness| affection,악감정| 조화| 친절| 애정,刻薄| 和谐| 善良| 感情,辛辣さ| 調和| 親切| 愛情,rancor| bitterness| animosity| hostility,harmony| goodwill| friendliness| accord
Acumen,The ability to make good judgments and quick decisions, typically in a particular domain,noun,He showed great business acumen.,/əˈkjuːmən/,shrewdness,ignorance,false,sharpness of mind| dullness| ignorance| foolishness,뛰어난 판단력| 둔함| 무지| 어리석음,敏锐| 迟钝| 无知| 愚蠢,洞察力| 鈍さ| 無知| 愚かさ,shrewdness| astuteness| discernment| insight
Adamant,Refusing to be persuaded or to change one's mind,adjective,He was adamant about his decision.,/ˈædəmənt/,unyielding,flexible,false,unyielding| flexible| uncertain| hesitant,단호한| 유연한| 불확실한| 망설이는,坚定的| 灵活| 不确定| 犹豫,断固とした| 柔軟な| 不確実な| 躊躇する,unyielding| resolute| firm| inflexible,flexible| yielding| pliable| soft
Admonish,Warn or reprimand someone firmly,verb,She admonished him for his bad behavior.,/ædˈmɒnɪʃ/,reprimand,praise,false,warn| praise| encourage| reward,훈계하다| 칭찬하다| 격려하다| 보상하다,警告| 赞扬| 鼓励| 奖励,警告する| 褒める| 励ます| 報いる,reprimand| rebuke| scold| censure,praise| commend| applaud| flatter
Adroit,Clever or skillful in using the hands or mind,adjective,He was adroit at problem-solving.,/əˈdrɔɪt/,skillful,clumsy,false,skillful| clumsy| awkward| unskilled,능숙한| 서투른| 어색한| 미숙한,熟练的| 笨拙| 尴尬| 不熟练,巧みな| 不器用な| ぎこちない| 未熟な,skillful| dexterous| adept| nimble,clumsy| awkward| inept| unskilled
Adulation,Excessive admiration or praise,noun,He basked in the adulation of his fans.,/ˌædʒuˈleɪʃən/,worship,criticism,false,excessive praise| criticism| disapproval| scorn,과도한 찬양| 비판| 불승인| 경멸,过分赞扬| 批评| 不赞成| 轻蔑,過度な称賛| 批判| 不承認| 軽蔑,worship| flattery| idolization| praise,criticism| condemnation| disapproval| scorn
Aesthetic,Concerned with beauty or the appreciation of beauty,adjective,The design has great aesthetic appeal.,/iːsˈθɛtɪk/,artistic,unattractive,false,concerned with beauty| ugly| unappealing| tasteless,미적| 못생긴| 매력 없는| 촌스러운,美学| 丑陋| 不吸引人| 没品味,美的な| 醜い| 魅力的でない| 趣味の悪い,artistic| beautiful| pleasing| elegant,unattractive| ugly| hideous| repulsive
Affable,Friendly, good-natured, or easy to talk to,adjective,He was an affable host.,/ˈæfəbl/,amiable,unfriendly,false,friendly| unfriendly| rude| hostile,상냥한| 불친절한| 무례한| 적대적인,和蔼可亲| 不友好| 粗鲁| 敌对,愛想の良い| 不親切な| 無礼な| 敵対的な
Affectation,Behavior, speech, or writing that is artificial and designed to impress,noun,His accent was a pure affectation.,/ˌæfɛkˈteɪʃən/,pretense,naturalness,false,artificial behavior| naturalness| sincerity| genuineness,가식| 자연스러움| 진실성| 순수함,做作| 自然| 真诚| 真实,気取り| 自然さ| 誠実さ| 真実
Affinity,A spontaneous or natural liking or sympathy for someone or something,noun,She had a natural affinity for languages.,/əˈfɪnɪti/,rapport,dislike,false,natural liking| dislike| aversion| hatred,자연스러운 친화력| 싫어함| 혐오| 증오,亲和力| 不喜欢| 厌恶| 憎恨,親和性| 嫌悪| 嫌い| 憎悪,rapport| sympathy| bond| liking,dislike| aversion| antipathy| hatred
Affluent,Having a great deal of money; wealthy,adjective,The affluent neighborhood had large houses.,/ˈæfluːənt/,wealthy,poor,false,wealthy| poor| struggling| impoverished,부유한| 가난한| 힘든| 빈곤한,富裕的| 贫穷| 挣扎| 贫困,裕福な| 貧しい| 苦しい| 貧困な,wealthy| rich| prosperous| opulent,poor| impoverished| destitute| needy
Agenda,A list of items to be discussed at a formal meeting,noun,The first item on the agenda was the budget.,/əˈdʒɛndə/,program,disorder,false,list of items| chaos| disorganization| unplanned,안건 목록| 혼돈| 무질서| 계획되지 않은,议程| 混乱| 无序| 无计划,議題| 混乱| 無秩序| 計画されていない,program| schedule| plan| calendar,disorder| chaos| confusion| mess
Aggregate,A whole formed by combining several separate elements,noun,The aggregate of the scores was 150.,/ˈæɡrɪɡət/,total,individual,false,total| individual| single| part,총합| 개별| 단일| 부분,总和| 个人| 单一| 部分,合計| 個別| 単一| 部分,total| sum| collection| combination,individual| part| component| piece
Agnostic,A person who believes that nothing is known or can be known of the existence or nature of God or of anything beyond material phenomena,noun,He declared himself an agnostic.,/æɡˈnɒstɪk/,skeptic,believer,false,one who doubts existence of God| believer| atheist| devotee,신 존재를 의심하는 사람| 신자| 무신론자| 신봉자,不可知论者| 信徒| 无神论者| 奉献者,不可知論者| 信者| 無神論者| 信奉者,skeptic| doubter| unbeliever| questioner,believer| theist| devotee| follower
Alacrity,Brisk and cheerful readiness,noun,She accepted the invitation with alacrity.,/əˈlækrɪti/,eagerness,reluctance,false,eagerness| reluctance| hesitation| slowness,민첩함| 꺼림| 망설임| 느림,敏捷| 不情愿| 犹豫| 缓慢,敏捷さ| 気が進まないこと| 躊躇| 遅さ,eagerness| readiness| promptness| willingness,reluctance| hesitation| apathy| unwillingness
Allege,Claim or assert that someone has done something illegal or wrong,verb,He alleged that he was unfairly dismissed.,/əˈlɛdʒ/,claim,deny,false,claim| deny| prove| confirm,주장하다| 부인하다| 증명하다| 확인하다,声称| 否认| 证明| 确认,主張する| 否定する| 証明する| 確認する,claim| assert| contend| declare,deny| disprove| refute| retract
Alleviate,Make suffering, deficiency, or a problem less severe,verb,Medicine can alleviate pain.,/əˈliːvieɪt/,relieve,aggravate,false,make less severe| worsen| intensify| aggravate,경감시키다| 악화시키다| 심화시키다| 강화하다,减轻| 恶化| 加剧| 加强,和らげる| 悪化させる| 強める| 激化させる
Allocate,Distribute (resources or duties) for a particular purpose,verb,We need to allocate funds for the project.,/ˈæləkeɪt/,assign,withhold,false,distribute| withhold| keep| take,할당하다| 보류하다| 유지하다| 가져가다,分配| 扣留| 保留| 拿走,割り当てる| 差し控える| 維持する| 取る,assign| apportion| distribute| allot,withhold| retain| deny| take
Allure,The quality of being powerfully and mysteriously attractive or fascinating,noun,The city's allure was undeniable.,/əˈlʊər/,attraction,repulsion,false,attraction| repulsion| distaste| boredom,매력| 반감| 혐오감| 지루함,诱惑| 排斥| 厌恶| 无聊,魅力| 反発| 嫌悪| 退屈,attraction| charm| appeal| fascination,repulsion| aversion| disgust| repellent
Altruistic,Showing a disinterested and selfless concern for the well-being of others,adjective,His altruistic actions saved many lives.,/ˌæltruˈɪstɪk/,philanthropic,selfish,false,selfless| selfish| greedy| unkind,이타적인| 이기적인| 탐욕스러운| 불친절한,利他主义的| 自私| 贪婪| 不善良,利他的な| 利己的な| 貪欲な| 不親切な,philanthropic| benevolent| charitable| unselfish,selfish| egoistic| greedy| self-centered
Amalgamate,Combine or unite to form one organization or structure,verb,The two companies amalgamated.,/əˈmælɡəmeɪt/,merge,separate,false,combine| separate| divide| split,합병하다| 분리하다| 나누다| 쪼개다,合并| 分离| 分割| 分裂,合併する| 分離する| 分割する| 分裂する,merge| combine| unite| blend,separate| divide| split| dissociate
Ambiguous,Open to more than one interpretation; having a double meaning,adjective,The question was ambiguous.,/æmˈbɪɡjuəs/,unclear,clear,false,unclear| clear| definite| precise,모호한| 명확한| 명확한| 정확한,模糊的| 清晰| 明确| 精确,曖昧な| 明確な| 明確な| 正確な,unclear| vague| equivocal| dubious,clear| explicit| precise| unambiguous
Amenable,Open and responsive to suggestion; easily persuaded or controlled,adjective,He was amenable to change.,/əˈmiːnəbl/,compliant,unwilling,false,compliant| unwilling| resistant| stubborn,순종적인| 꺼리는| 저항하는| 고집 센,顺从的| 不情愿| 抗拒| 顽固,素直な| 気が進まない| 抵抗する| 頑固な,compliant| docile| obedient| tractable,unwilling| resistant| stubborn| intractable
Anachronism,A thing belonging or appropriate to a period other than that in which it exists,noun,A sword in a modern army is an anachronism.,/əˈnækranɪzəm/,misplacement,correctness,false,misplacement in time| correct placement| accurate item| timely object,시대착오| 정확한 배치| 정확한 항목| 적절한 시기,时代错位| 正确放置| 准确项目| 及时对象,時代錯誤| 正しい配置| 正確な項目| 時宜を得たもの,misplacement| incongruity| solecism| anomaly,correctness| appropriateness| timeliness| modernity
Analogy,A comparison between two things,noun,He drew an analogy between the brain and a computer.,/əˈnælɪdʒi/,comparison,difference,false,comparison| difference| contrast| dissimilarity,비유| 차이| 대조| 다름,类比| 差异| 对比| 不同,類推| 違い| 対比| 相違,comparison| parallel| correlation| similarity,difference| contrast| dissimilarity| disparity
Anathema,Something or someone that one vehemently dislikes,noun,Racial prejudice was anathema to him.,/əˈnæθəmə/,abomination,blessing,false,something hated| blessing| delight| favorite,혐오스러운 것| 축복| 기쁨| 가장 좋아하는 것,厌恶的事物| 祝福| 喜悦| 最爱,嫌悪の対象| 祝福| 喜び| お気に入り,abomination| curse| execration| pariah,blessing| delight| joy| treasure
Ancillary,Providing necessary support to the primary activities of an organization,adjective,The ancillary staff supported the doctors.,/ˈænsɪləri/,subsidiary,primary,false,subsidiary| primary| main| essential,보조적인| 주요한| 주된| 필수적인,辅助的| 主要的| 主要的| 必要,補助的な| 主要な| 主要な| 必要,subsidiary| secondary| auxiliary| additional,primary| main| essential| chief
Animosity,Strong hostility,noun,There was animosity between the rivals.,/ˌænɪˈmɒsɪti/,hostility,friendship,false,strong hostility| friendship| goodwill| affection,강한 적대감| 우정| 호의| 애정,强烈敌意| 友谊| 善意| 感情,强烈敌意| 友谊| 善意| 感情,hostility| antagonism| enmity| hatred,friendship| goodwill| amity| affection
Anomaly,Something that deviates from what is standard, normal, or expected,noun,His poor test score was an anomaly.,/əˈnɒməli/,aberration,norm,false,deviation from norm| norm| standard| regularity,변칙| 표준| 규칙성| 정상,异常| 规范| 标准| 规律性,異常| 規範| 標準| 規則性
Antipathy,A deep-seated feeling of dislike; aversion,noun,There was a strong antipathy between them.,/ænˈtɪpəθi/,hostility,liking,false,strong dislike| liking| affection| fondness,강한 반감| 호감| 애정| 좋아함,强烈厌恶| 喜欢| 感情| 喜爱,強い嫌悪| 好意| 愛情| 好感,hostility| aversion| dislike| animosity,liking| affinity| fondness| attraction
Apathy,Lack of interest, enthusiasm, or concern,noun,Voter apathy was a concern.,/ˈæpəθi/,indifference,enthusiasm,false,lack of interest| enthusiasm| excitement| passion,무관심| 열정| 흥분| 열정,漠不关心| 热情| 兴奋| 激情,無関心| 熱意| 興奮| 情熱
Apocryphal,Of doubtful authenticity, although widely circulated as being true,adjective,The story about the ghost was probably apocryphal.,/əˈpɒkrɪfəl/,fictitious,authentic,false,doubtful authenticity| authentic| true| verified,진위가 의심스러운| 진짜의| 사실의| 확인된,真实性可疑| 真实| 真实| 验证,真偽が疑わしい| 本物| 真実| 検証済み,fictitious| unverified| dubious| unsubstantiated
Apparatus,A complex machine or device for a particular purpose,noun,The scientific apparatus was intricate.,/ˌæpəˈreɪtəs/,equipment,simplicity,false,complex device| simplicity| basic tool| easy machine,복잡한 장치| 단순함| 기본 도구| 쉬운 기계,复杂装置| 简单| 基本工具| 简单机器,複雑な装置| 単純さ| 基本的なツール| 簡単な機械,equipment| device| machinery| mechanism,simplicity| rudiment| basic| simplification
Appease,Pacify or placate (someone) by acceding to their demands,verb,He tried to appease his angry critics.,/əˈpiːz/,mollify,provoke,false,pacify| provoke| anger| irritate,달래다| 도발하다| 화나게 하다| 짜증나게 하다,安抚| 挑衅| 愤怒| 激怒,なだめる| 挑発する| 怒らせる| いらいらさせる,mollify| pacify| placate| conciliate,provoke| incite| enrage| aggravate
Apprehensive,Anxious or fearful that something bad or unpleasant will happen,adjective,She was apprehensive about the exam.,/ˌæprɪˈhɛnsɪv/,anxious,confident,false,anxious| confident| calm| relaxed,불안한| 자신감 있는| 침착한| 편안한,焦虑| 自信| 平静| 放松,不安な| 自信がある| 落ち着いた| リラックスした,anxious| fearful| uneasy| worried,confident| calm| relaxed| assured
Arbiter,A person who settles a dispute or has ultimate authority in a matter,noun,The judge acted as an arbiter.,/ˈɑːrbɪtər/,mediator,disputant,false,mediator| disputant| participant| biased party,중재자| 분쟁 당사자| 참가자| 편향된 당사자,仲裁人| 争议者| 参与者| 偏袒方,仲裁者| 紛争当事者| 参加者| 偏った当事者,mediator| judge| umpire| referee,disputant| participant| contender| litigant
Archaic,Very old or old-fashioned,adjective,The law was archaic and needed updating.,/ɑːrˈkeɪɪk/,obsolete,modern,false,very old-fashioned| modern| current| new,매우 구식의| 현대적인| 현재의| 새로운,非常老式的| 现代| 当前| 新的,非常に古風な| 現代的な| 現在の| 新しい,obsolete| ancient| antiquated| old-fashioned,modern| current| new| contemporary
Arduous,Involving or requiring strenuous effort; difficult and tiring,adjective,It was an arduous journey.,/ˈɑːrdʒuəs/,difficult,easy,false,difficult| easy| simple| effortless,힘든| 쉬운| 간단한| 수월한,艰巨的| 简单| 轻松| 不费力,困難な| 簡単な| 単純な| 楽な,difficult| strenuous| laborious| taxing,easy| simple| effortless| facile
Arrogant,Having or revealing an exaggerated sense of one's own importance or abilities,adjective,His arrogant attitude alienated his colleagues.,/ˈærəɡənt/,haughty,humble,false,haughty| humble| modest| polite,오만한| 겸손한| 겸손한| 예의 바른,傲慢| 谦逊| 谦虚| 有礼貌,傲慢な| 謙虚な| 控えめな| 丁寧な,haughty| conceited| supercilious| proud,humble| modest| meek| unassuming
Articulate,Having or showing the ability to speak fluently and coherently,adjective,She was an articulate speaker.,/ɑːrˈtɪkjuleɪt/,eloquent,inarticulate,false,eloquent| inarticulate| stammering| unclear,유창한| 어눌한| 더듬거리는| 불분명한,口齿清晰| 口齿不清| 口吃| 不清楚,明瞭な| 不明瞭な| 吃る| 不明確な,eloquent| fluent| clear| expressive,inarticulate| mumbling| stammering| unclear
Ascetic,Characterized by severe self-discipline and abstention from all forms of indulgence,adjective,He lived an ascetic life.,/əˈsɛtɪk/,austere,luxurious,false,austere| luxurious| indulgent| comfortable,금욕적인| 호화로운| 방종한| 편안한,苦行僧的| 奢华| 放纵| 舒适,禁欲的な| 贅沢な| 放縦な| 快適な,austere| strict| self-denying| rigorous,luxurious| indulgent| hedonistic| epicurean
Aspire,Direct one's hopes or ambitions toward achieving something,verb,He aspired to become a doctor.,/əˈspaɪər/,aim,despair,false,aim for| despair| neglect| abandon,목표로 하다| 절망하다| 무시하다| 버리다,向往| 绝望| 忽视| 放弃,目指す| 絶望する| 無視する| 放棄する,aim| seek| strive| yearn,despair| give up| neglect| abandon
Assiduous,Showing great care and perseverance,adjective,She was assiduous in her studies.,/əˈsɪdʒuəs/,diligent,lazy,false,diligent| lazy| careless| negligent,근면한| 게으른| 부주의한| 태만한,勤奋的| 懒惰| 马虎| 疏忽,勤勉な| 怠惰な| 不注意な| 怠慢な,diligent| painstaking| meticulous| persistent,lazy| careless| negligent| indolent
Assuage,Make (an unpleasant feeling) less intense,verb,He assuaged her fears.,/əˈsweɪdʒ/,alleviate,aggravate,false,alleviate| aggravate| worsen| intensify,완화하다| 악화시키다| 심화시키다| 강화하다,减轻| 恶化| 加剧| 加强,和らげる| 悪化させる| 強める| 激化させる,alleviate| ease| mitigate| relieve,aggravate| worsen| intensify| heighten
Astringent,Causing the contraction of body tissues,adjective,The bitter taste was astringent.,/əˈstrɪndʒənt/,constricting,relaxing,false,constricting| relaxing| soothing| expanding,수렴성의| 이완시키는| 진정시키는| 확장시키는,收敛的| 放松| 舒缓| 扩张,収斂性の| リラックスさせる| 落ち着かせる| 拡大させる,constricting| contracting| sharp| severe,relaxing| soothing| expanding| mild
Astute,Having or showing an ability to accurately assess situations or people and turn this to one's advantage,adjective,"An astute businessman, he made wise investments.",/əˈstjuːt/,shrewd,naive,false,shrewd| naive| foolish| ignorant,기민한| 순진한| 어리석은| 무지한,精明的| 天真| 愚蠢| 无知,聡明な| 純粋な| 愚かな| 無知な,shrewd| keen| discerning| sagacious,naive| foolish| ignorant| gullible
Attrition,The action or process of gradually reducing the strength or effectiveness of someone or something,noun,The war was a war of attrition.,/əˈtrɪʃən/,erosion,buildup,false,erosion| buildup| growth| increase,마모| 축적| 성장| 증가,磨损| 积聚| 增长| 增加,摩耗| 蓄積| 成長| 増加,erosion| wearing away| decline| debilitation,buildup| growth| increase| accumulation
Audacious,Showing a willingness to take surprisingly bold risks,adjective,He made an audacious decision.,/ɔːˈdeɪʃəs/,bold,timid,false,bold| timid| cautious| hesitant,대담한| 소심한| 신중한| 망설이는,大胆| 胆小| 谨慎| 犹豫,大胆な| 臆病な| 慎重な| 躊躇する,bold| daring| fearless| intrepid,timid| cautious| meek| cowardly
Augment,Make (something) greater by adding to it; increase,verb,He augmented his income by working overtime.,/ɔːɡˈmɛnt/,increase,decrease,false,increase| decrease| reduce| lessen,증가시키다| 감소시키다| 줄이다| 적게 하다,增加| 减少| 减少| 减轻,増強する| 減少させる| 減らす| 少なくする,increase| enlarge| expand| extend,decrease| reduce| lessen| shrink
Auspicious,Conducive to success; favorable,adjective,It was an auspicious start to the project.,/ɔːˈspɪʃəs/,favorable,unfavorable,false,favorable| unfavorable| unfortunate| ominous,길조의| 불리한| 불행한| 불길한,吉利的| 不利| 不幸| 不祥,縁起の良い| 不利な| 不幸な| 不吉な,favorable| propitious| promising| fortunate,unfavorable| unfortunate| inauspicious| ominous
Austerity,Sternness or severity of manner or attitude,noun,The government imposed austerity measures.,/ɔːˈstɛrɪti/,rigor,luxury,false,severity| luxury| comfort| indulgence,엄격함| 사치| 편안함| 방종,严峻| 奢华| 舒适| 放纵,厳格さ| 贅沢| 快適さ| 放縦,rigor| severity| strictness| harshness,luxury| comfort| indulgence| opulence
Authentic,Of undisputed origin; genuine,adjective,The painting was an authentic Picasso.,/ɔːˈθɛntɪk/,genuine,fake,false,genuine| fake| counterfeit| false,진정한| 가짜의| 위조의| 거짓의,真实的| 假冒| 伪造| 虚假,本物の| 偽物| 模造品| 偽の,genuine| real| verifiable| true,fake| counterfeit| false| artificial
Avarice,Extreme greed for wealth or material gain,noun,His avarice led him to betray his friends.,/ˈævərɪs/,greed,generosity,false,greed| generosity| philanthropy| selflessness,탐욕| 관대함| 자선| 이타심,贪婪| 慷慨| 慈善| 无私,貪欲| 寛大さ| 慈善| 無私,greed| covetousness| cupidity| acquisitiveness,generosity| benevolence| philanthropy| liberality
Avid,Having or showing a keen interest in or enthusiasm for something,adjective,He was an avid reader.,/ˈævɪd/,enthusiastic,apathetic,false,enthusiastic| apathetic| indifferent| reluctant,열렬한| 무관심한| 냉담한| 내키지 않는,热情的| 冷漠| 冷漠| 不情愿,熱心な| 無関心な| 無関心な| 気乗りしない,enthusiastic| eager| keen| passionate,apathetic| indifferent| reluctant| uninterested
Awe,A feeling of reverential respect mixed with fear or wonder,noun,She gazed at the Grand Canyon in awe.,/ɔː/,wonder,indifference,false,wonder| indifference| contempt| disrespect,경외심| 무관심| 경멸| 무례,敬畏| 冷漠| 轻蔑| 不敬,畏敬| 無関心| 軽蔑| 無礼,wonder| reverence| amazement| admiration,indifference| contempt| disrespect| disdain
Axiom,A statement or proposition which is regarded as being established, accepted, or self-evidently true,noun,It is an axiom that supply and demand affect prices.,/ˈæksiəm/,postulate,absurdity,false,self-evident truth| absurdity| falsehood| paradox,자명한 진리| 불합리| 허위| 역설,不言而喻的真理| 荒谬| 虚假| 悖论,自明の理| 不条理| 虚偽| 逆説
Banal,So lacking in originality as to be obvious and boring,adjective,His speech was completely banal.,/bəˈnɑːl/,trite,original,false,trite| original| fresh| exciting,진부한| 독창적인| 신선한| 흥미로운,平庸的| 原创| 新鲜| 令人兴奋,陳腐な| 独創的な| 新鮮な| エキサイティングな,trite| unoriginal| commonplace| hackneyed,original| fresh| exciting| creative
Bane,A cause of great distress or annoyance,noun,Alcohol was the bane of his existence.,/beɪn/,curse,blessing,false,curse| blessing| benefit| advantage,고통의 원인| 축복| 이점| 이득,祸根| 祝福| 好处| 优势,悩みの種| 祝福| 利点| 利得,curse| scourge| blight| affliction,blessing| boon| benefit| advantage
Bellicose,Demonstrating aggression and willingness to fight,adjective,His bellicose attitude caused many arguments.,/ˈbɛlɪkoʊs/,aggressive,peaceful,false,aggressive| peaceful| calm| friendly,호전적인| 평화로운| 차분한| 친근한,好战的| 和平| 平静| 友好,好戦的な| 平和な| 穏やかな| 友好的な,aggressive| belligerent| hostile| warlike,peaceful| calm| amicable| friendly
Benevolent,Well meaning and kindly,adjective,A benevolent dictator is still a dictator.,/bəˈnɛvələnt/,kind,malicious,false,kind| malicious| cruel| unkind,자비로운| 악의적인| 잔인한| 불친절한,仁慈的| 恶意| 残酷| 不友善,慈悲深い| 悪意のある| 残酷な| 不親切な,kind| compassionate| philanthropic| altruistic,malicious| cruel| unkind| malevolent
Benign,Gentle and kindly,adjective,The tumor was benign.,/bɪˈnaɪn/,harmless,malignant,false,harmless| malignant| dangerous| harmful,양성의| 악성의| 위험한| 해로운,良性の| 恶性| 危险| 有害,良性の| 悪性の| 危険な| 有害な,harmless| gentle| kind| favorable,malignant| dangerous| harmful| hostile
Bigoted,Having or revealing an obstinate belief in the superiority of one's own opinions and a prejudiced intolerance of the opinions of others,adjective,A bigoted person often judges others unfairly.,/ˈbɪɡətɪd/,prejudiced,tolerant,false,prejudiced| tolerant| open-minded| fair,편협한| 관대한| 개방적인| 공정한,偏执的| 宽容| 开放| 公平,偏狭な| 寛容な| 心の広い| 公平な,prejudiced| narrow-minded| intolerant| biased,tolerant| open-minded| fair| unbiased
Blatant,Of an bad behavior done openly and unashamedly,adjective,It was a blatant lie.,/ˈbleɪtənt/,obvious,subtle,false,obvious| subtle| hidden| secret,노골적인| 미묘한| 숨겨진| 비밀의,公然的| 微妙| 隐藏| 秘密,露骨な| 微妙な| 隠された| 秘密の,obvious| flagrant| glaring| overt,subtle| hidden| concealed| discreet
Boisterous,Noisy, energetic, and cheerful,adjective,The crowd was boisterous.,/ˈbɔɪstərəs/,rowdy,quiet,false,noisy| quiet| calm| subdued,시끄러운| 조용한| 차분한| 억제된,喧闹的| 安静| 平静| 柔和,喧騒の| 静かな| 穏やかな| 控えめな
Brevity,Concise and exact use of words in writing or speech,noun,The brevity of his speech was appreciated.,/ˈbrɛvɪti/,conciseness,lengthiness,false,conciseness| lengthiness| verbosity| prolixity,간결함| 장황함| 수다| 장황함,简洁| 冗长| 啰嗦| 冗长,簡潔さ| 長さ| 多弁| 冗長さ,conciseness| succinctness| terseness| pithiness,lengthiness| verbosity| prolixity| extensiveness
Cajole,Persuade someone to do something by sustained coaxing or flattery,verb,He cajoled her into going out.,/kəˈdʒoʊl/,coax,discourage,false,coax| discourage| deter| dissuade,꼬드기다| 단념시키다| 방해하다| 설득하여 단념시키다,哄骗| 劝退| 阻止| 劝阻,なだめる| 思いとどまらせる| 阻止する| 説得してやめさせる,coax| wheedle| persuade| entice,discourage| deter| dissuade| bully
Callous,Showing or having an insensitive and cruel disregard for others,adjective,His callous remarks hurt her deeply.,/ˈkæləs/,heartless,compassionate,false,heartless| compassionate| kind| empathetic,무감각한| 동정심 많은| 친절한| 공감하는,冷酷无情| 富有同情心| 善良| 有同情心,冷酷な| 思いやりのある| 親切な| 共感的な,heartless| unfeeling| insensitive| cruel,compassionate| kind| empathetic| sympathetic
Candid,Truthful and straightforward; frank,adjective,She was candid about her past.,/ˈkændɪd/,frank,deceptive,false,frank| deceptive| dishonest| evasive,솔직한| 속이는| 부정직한| 회피적인,坦率| 欺骗| 不诚实| 回避,率直な| 欺瞞的な| 不誠実な| 回避的な,frank| honest| sincere| straightforward,deceptive| dishonest| evasive| secretive
Capricious,Given to sudden and unaccountable changes of mood or behavior,adjective,His capricious nature made him unreliable.,/kəˈprɪʃəs/,fickle,consistent,false,fickle| consistent| stable| predictable,변덕스러운| 일관된| 안정된| 예측 가능한,反复无常| 一致| 稳定| 可预测,気まぐれな| 一貫した| 安定した| 予測可能な,fickle| whimsical| volatile| erratic,consistent| stable| predictable| steadfast
Castigate,Reprimand (someone) severely,verb,The teacher castigated the student for cheating.,/ˈkæstɪɡeɪt/,scold,praise,false,scold| praise| commend| approve,혹평하다| 칭찬하다| 추천하다| 승인하다,严厉斥责| 赞扬| 表扬| 批准,厳しく叱責する| 褒める| 称賛する| 承認する,scold| reprimand| rebuke| chide,praise| commend| approve| laud
Caustic,Able to burn or corrode organic tissue by chemical action,adjective,The caustic remarks stung.,/ˈkɔːstɪk/,sarcastic,kind,false,sarcastic| kind| gentle| mild,신랄한| 친절한| 부드러운| 온화한,刻薄的| 善良| 温柔| 温和,辛辣な| 親切な| 優しい| 温和な,sarcastic| biting| acerbic| pungent,kind| gentle| mild| benevolent
Censure,Express severe disapproval of (someone or something),verb,The committee voted to censure the member.,/ˈsɛnʃər/,condemn,praise,false,condemn| praise| approve| applaud,비난하다| 칭찬하다| 승인하다| 박수하다,谴责| 赞扬| 批准| 鼓掌,非難する| 褒める| 承認する| 拍手する,condemn| criticize| reprimand| rebuke,praise| approve| applaud| commend
Chastise,Rebuke or reprimand severely,verb,He chastised his children for their disobedience.,/ˈʧæstaɪz/,punish,reward,false,punish| reward| praise| encourage,꾸짖다| 보상하다| 칭찬하다| 격려하다,惩罚| 奖励| 赞扬| 鼓励,罰する| 報いる| 褒める| 励ます,punish| scold| admonish| reprimand,reward| praise| encourage| commend
Chimerical,Hoped for but impossible to achieve,adjective,His dreams were chimerical.,/kaɪˈmɛrɪkəl/,fanciful,realistic,false,fanciful| realistic| achievable| practical,환상적인| 현실적인| 달성 가능한| 실용적인,异想天开的| 现实| 可实现| 实用,空想的な| 現実的な| 達成可能な| 実用的な,fanciful| illusory| imaginary| mythical,realistic| achievable| practical| tangible
Chronic,Persisting for a long time or constantly recurring,adjective,He suffered from chronic pain.,/ˈkrɒnɪk/,persistent,acute,false,persistent| acute| temporary| short-term,만성적인| 급성의| 일시적인| 단기적인,慢性的| 急性| 暂时| 短期,慢性的な| 急性の| 一時的な| 短期の,persistent| recurrent| continuous| long-standing,acute| temporary| transient| fleeting
Circumlocution,The use of many words where fewer would do,noun,He used circumlocution to avoid answering directly.,/ˌsɜːrkəmləˈkjuːʃən/,verbosity,brevity,false,verbosity| brevity| directness| conciseness,에두른 표현| 간결함| 직설적임| 간결성,迂回语| 简洁| 直接| 简洁,遠回しな表現| 簡潔さ| 直接性| 簡潔さ,verbosity| periphrasis| roundaboutness| wordiness,brevity| directness| conciseness| succinctness
Circumspect,Wary and unwilling to take risks,adjective,He was circumspect in his dealings.,/ˈsɜːrkəmspekt/,cautious,reckless,false,cautious| reckless| careless| bold,신중한| 무모한| 부주의한| 대담한,谨慎| 鲁莽| 粗心| 大胆,慎重な| 無謀な| 不注意な| 大胆な,cautious| wary| prudent| guarded,reckless| careless| bold| impetuous
Clairvoyant,Having or exhibiting a supernatural power of seeing objects or actions beyond the range of natural vision,noun,She claimed to be clairvoyant.,/klɛərˈvɔɪənt/,psychic,skeptical,false,psychic| skeptical| logical| rational,천리안| 회의적인| 논리적인| 합리적인,千里眼| 怀疑| 逻辑| 理性,千里眼| 懐疑的な| 論理的な| 合理的な,psychic| prophetic| visionary| telepathic,skeptical| logical| rational| realistic
Clemency,Mercy; lenience,noun,The judge showed clemency to the defendant.,/ˈklɛmənsi/,mercy,harshness,false,mercy| harshness| severity| cruelty,관대함| 가혹함| 엄격함| 잔인함,仁慈| 严酷| 严厉| 残忍,寛大な| 厳しさ| 厳格さ| 残酷さ,mercy| lenience| compassion| forgiveness,harshness| severity| cruelty| strictness
Coalesce,Come together to form one mass or whole,verb,The small groups coalesced into one large organization.,/ˌkoʊəˈlɛs/,merge,separate,false,merge| separate| divide| disperse,합쳐지다| 분리하다| 나누다| 흩어지다,合并| 分开| 分裂| 分散,合体する| 分離する| 分割する| 分散する,merge| unite| combine| fuse,separate| divide| disperse| split
Coerce,Persuade (an unwilling person) to do something by using force or threats,verb,He was coerced into signing the document.,/koʊˈɜːrs/,compel,persuade,false,compel| persuade| convince| advise,강요하다| 설득하다| 납득시키다| 조언하다,强制| 说服| 说服| 建议,強制する| 説得する| 納得させる| 助言する,compel| force| pressure| intimidate,persuade| convince| advise| entice
Cogent,Clear, logical, and convincing,adjective,She presented a cogent argument.,/ˈkoʊdʒənt/,convincing,weak,false,convincing| weak| illogical| unpersuasive,설득력 있는| 약한| 비논리적인| 설득력 없는,有说服力的| 弱| 不合逻辑| 无法说服,説得力のある| 弱い| 非論理的な| 説得力のない
Cognizant,Having knowledge or being aware of,adjective,He was cognizant of the risks.,/ˈkɒɡnɪzənt/,aware,unaware,false,aware| unaware| ignorant| oblivious,인지하는| 모르는| 무지한| 망각하는,意识到| 不知情| 无知| 遗忘,認識している| 知らない| 無知な| 忘れている,aware| conscious| informed| acquainted,unaware| ignorant| oblivious| unconscious
Coherent,Logical and consistent,adjective,Her argument was clear and coherent.,/koʊˈhɪərɪnt/,logical,incoherent,false,logical| incoherent| disorganized| confused,논리적인| 비논리적인| 무질서한| 혼란스러운,连贯的| 不连贯| 混乱| 困惑,首尾一貫した| 首尾一貫しない| 無秩序な| 混乱した,logical| consistent| rational| organized,incoherent| disorganized| confused| illogical
Complacent,Showing smug or uncritical satisfaction with oneself or one's achievements,adjective,He was too complacent about his success.,/kəmˈpleɪsənt/,smug,dissatisfied,false,smug| dissatisfied| discontent| humble,자기만족적인| 불만족스러운| 불평하는| 겸손한,自满的| 不满意| 不满| 谦虚,自己満足の| 不満な| 不満な| 謙虚な,smug| self-satisfied| self-assured| unconcerned,dissatisfied| discontent| humble| anxious
Complicity,The state of being involved with others in an illegal activity or wrongdoing,noun,He was accused of complicity in the crime.,/kəmˈplɪsɪti/,collusion,innocence,false,collusion| innocence| detachment| ignorance,공모| 무죄| 분리| 무지,共谋| 无罪| 超脱| 无知,共謀| 無罪| 超然| 無知,collusion| involvement| connivance| participation,innocence| detachment| non-involvement| ignorance
Concede,Admit that something is true or valid after first denying or resisting it,verb,He conceded the point.,/kənˈsiːd/,admit,deny,false,admit| deny| refuse| reject,인정하다| 부인하다| 거부하다| 거절하다,承认| 否认| 拒绝| 拒绝,認める| 否定する| 拒否する| 拒絶する,admit| acknowledge| grant| yield,deny| refuse| reject| resist
Conciliatory,Intended or likely to placate or pacify,adjective,He made conciliatory remarks.,/kənˈsɪliətɔːri/,appeasing,provocative,false,appeasing| provocative| hostile| aggressive,회유적인| 도발적인| 적대적인| 공격적인,调解的| 挑衅| 敌对| 侵略性,融和的な| 挑発的な| 敵対的な| 攻撃的な,appeasing| placatory| pacifying| reconciliatory,provocative| hostile| aggressive| antagonistic
Concur,Agree,verb,I concur with your opinion.,/kənˈkɜːr/,agree,disagree,false,agree| disagree| oppose| refuse,동의하다| 반대하다| 반대하다| 거부하다,同意| 不同意| 反对| 拒绝,同意する| 反対する| 反対する| 拒否する,agree| assent| consent| coincide,disagree| oppose| dissent| refuse
Condone,Accept and allow (behavior that is considered morally wrong or offensive) to continue,verb,The school does not condone bullying.,/kənˈdoʊn/,overlook,condemn,false,overlook| condemn| punish| forbid,용납하다| 비난하다| 처벌하다| 금지하다,容忍| 谴责| 惩罚| 禁止,容認する| 非難する| 罰する| 禁止する,overlook| excuse| forgive| tolerate,condemn| punish| forbid| disapprove
